fan,status,occupation,eyes,face,test,test_eyes
lf,hs,doctor,Aligned_C2_216.jpg,Aligned_261_0_C1.jpg,old,Aligned_261_0_C1.jpg
lf,hs,doctor,Aligned_C2_007.jpg,Aligned_118_0_C1.jpg,new,Aligned_261_0_C1.jpg
lf,hs,lawyer,Aligned_261_0_C1.jpg,Aligned_184_0_C1.jpg,old,Aligned_184_0_C1.jpg
lf,hs,lawyer,Aligned_118_0_C1.jpg,Aligned_Cropped_8.jpg,new,Aligned_184_0_C1.jpg
lf,hs,professor,Aligned_184_0_C1.jpg,Aligned_Cropped_12.jpg,old,Aligned_Cropped_12.jpg
lf,hs,professor,Aligned_Cropped_8.jpg,Aligned_Cropped_New_20.jpg,new,Aligned_Cropped_12.jpg
lf,hs,CEO,Aligned_Cropped_12.jpg,Aligned_C2_216.jpg,old,Aligned_C2_216.jpg
lf,hs,CEO,Aligned_Cropped_New_20.jpg,Aligned_C2_007.jpg,new,Aligned_C2_216.jpg
lf,ls,maid,Aligned_C2_088.jpg,Aligned_C2_024.jpg,old,Aligned_C2_024.jpg
lf,ls,maid,Aligned_C2_234.jpg,Aligned_C2_060.jpg,new,Aligned_C2_024.jpg
lf,ls,nanny,Aligned_C2_024.jpg,Aligned_C2_050.jpg,old,Aligned_C2_050.jpg
lf,ls,nanny,Aligned_C2_060.jpg,Aligned_C2_304.jpg,new,Aligned_C2_050.jpg
lf,ls,bus driver,Aligned_C2_050.jpg,Aligned_C2_071.jpg,old,Aligned_C2_071.jpg
lf,ls,bus driver,Aligned_C2_304.jpg,Aligned_C2_098.jpg,new,Aligned_C2_071.jpg
lf,ls,secretary,Aligned_C2_071.jpg,Aligned_C2_088.jpg,old,Aligned_C2_088.jpg
lf,ls,secretary,Aligned_C2_098.jpg,Aligned_C2_234.jpg,new,Aligned_C2_088.jpg
hf,hs,doctor,Aligned_291_0_C1.jpg,Aligned_C2_152.jpg,old,Aligned_291_0_C1.jpg
hf,hs,doctor,Aligned_291_0_C1.jpg,Aligned_C2_104.jpg,old,Aligned_291_0_C1.jpg
hf,hs,doctor,Aligned_291_0_C1.jpg,Aligned_C2_286.jpg,old,Aligned_291_0_C1.jpg
hf,hs,doctor,Aligned_291_0_C1.jpg,Aligned_C2_037.jpg,new,Aligned_C2_037.jpg
hf,hs,doctor,Aligned_291_0_C1.jpg,Aligned_C2_137.jpg,new,Aligned_C2_037.jpg
hf,hs,doctor,Aligned_291_0_C1.jpg,Aligned_Cropped_New_18.jpg,new,Aligned_C2_037.jpg
hf,hs,lawyer,Aligned_C2_152.jpg,Aligned_C2_021.jpg,old,Aligned_C2_152.jpg
hf,hs,lawyer,Aligned_C2_152.jpg,Aligned_C2_032.jpg,old,Aligned_C2_152.jpg
hf,hs,lawyer,Aligned_C2_152.jpg,Aligned_C2_296.jpg,old,Aligned_C2_152.jpg
hf,hs,lawyer,Aligned_C2_152.jpg,Aligned_C2_135.jpg,new,Aligned_C2_137.jpg
hf,hs,lawyer,Aligned_C2_152.jpg,Aligned_C2_153.jpg,new,Aligned_C2_137.jpg
hf,hs,lawyer,Aligned_C2_152.jpg,Aligned_Cropped_New_8.jpg,new,Aligned_C2_137.jpg
hf,hs,professor,Aligned_C2_104.jpg,Aligned_C2_185.jpg,old,Aligned_C2_104.jpg
hf,hs,professor,Aligned_C2_104.jpg,Aligned_029_0_C1.jpg,old,Aligned_C2_104.jpg
hf,hs,professor,Aligned_C2_104.jpg,Aligned_C2_244.jpg,old,Aligned_C2_104.jpg
hf,hs,professor,Aligned_C2_104.jpg,Aligned_144_0_C1.jpg,new,Aligned_Cropped_New_18.jpg
hf,hs,professor,Aligned_C2_104.jpg,Aligned_203_0_C1.jpg,new,Aligned_Cropped_New_18.jpg
hf,hs,professor,Aligned_C2_104.jpg,Aligned_Cropped_New_15.jpg,new,Aligned_Cropped_New_18.jpg
hf,hs,CEO,Aligned_C2_286.jpg,Aligned_Cropped_New_9.jpg,old,Aligned_C2_286.jpg
hf,hs,CEO,Aligned_C2_286.jpg,Aligned_040_0_C1.jpg,old,Aligned_C2_286.jpg
hf,hs,CEO,Aligned_C2_286.jpg,Aligned_Cropped_10.jpg,old,Aligned_C2_286.jpg
hf,hs,CEO,Aligned_C2_286.jpg,Aligned_C2_214.jpg,new,Aligned_C2_021.jpg
hf,hs,CEO,Aligned_C2_286.jpg,Aligned_C2_072.jpg,new,Aligned_C2_021.jpg
hf,hs,CEO,Aligned_C2_286.jpg,Aligned_C2_142.jpg,new,Aligned_C2_021.jpg
hf,hs,doctor,Aligned_C2_037.jpg,Aligned_124_0_C1.jpg,old,Aligned_C2_037.jpg
hf,hs,doctor,Aligned_C2_037.jpg,Aligned_C2_300.jpg,old,Aligned_C2_037.jpg
hf,hs,doctor,Aligned_C2_037.jpg,Aligned_299_0_C1.jpg,old,Aligned_C2_037.jpg
hf,hs,doctor,Aligned_C2_037.jpg,Aligned_Cropped_New_14.jpg,new,Aligned_291_0_C1.jpg
hf,hs,doctor,Aligned_C2_037.jpg,Aligned_277_0_C1.jpg,new,Aligned_291_0_C1.jpg
hf,hs,doctor,Aligned_C2_037.jpg,Aligned_034_0_C1.jpg,new,Aligned_291_0_C1.jpg
hf,hs,lawyer,Aligned_C2_137.jpg,Aligned_130_0_C1.jpg,old,Aligned_C2_137.jpg
hf,hs,lawyer,Aligned_C2_137.jpg,Aligned_C2_030.jpg,old,Aligned_C2_137.jpg
hf,hs,lawyer,Aligned_C2_137.jpg,Aligned_Cropped_New_22.jpg,old,Aligned_C2_137.jpg
hf,hs,lawyer,Aligned_C2_137.jpg,Aligned_Exemplar_C2_008.jpg,new,Aligned_C2_152.jpg
hf,hs,lawyer,Aligned_C2_137.jpg,Aligned_C2_094.jpg,new,Aligned_C2_152.jpg
hf,hs,lawyer,Aligned_C2_137.jpg,Aligned_C2_059.jpg,new,Aligned_C2_152.jpg
hf,hs,professor,Aligned_Cropped_New_18.jpg,Aligned_180_0_C1.jpg,old,Aligned_Cropped_New_18.jpg
hf,hs,professor,Aligned_Cropped_New_18.jpg,Aligned_Cropped_New_10.jpg,old,Aligned_Cropped_New_18.jpg
hf,hs,professor,Aligned_Cropped_New_18.jpg,Aligned_303_0_C1.jpg,old,Aligned_Cropped_New_18.jpg
hf,hs,professor,Aligned_Cropped_New_18.jpg,Aligned_C2_143.jpg,new,Aligned_C2_104.jpg
hf,hs,professor,Aligned_Cropped_New_18.jpg,Aligned_C2_085.jpg,new,Aligned_C2_104.jpg
hf,hs,professor,Aligned_Cropped_New_18.jpg,Aligned_Cropped_77.jpg,new,Aligned_C2_104.jpg
hf,hs,CEO,Aligned_C2_021.jpg,Aligned_Cropped_69.jpg,old,Aligned_C2_021.jpg
hf,hs,CEO,Aligned_C2_021.jpg,Aligned_Cropped_76.jpg,old,Aligned_C2_021.jpg
hf,hs,CEO,Aligned_C2_021.jpg,Aligned_C2_033.jpg,old,Aligned_C2_021.jpg
hf,hs,CEO,Aligned_C2_021.jpg,Aligned_C2_301.jpg,new,Aligned_C2_286.jpg
hf,hs,CEO,Aligned_C2_021.jpg,Aligned_C2_006.jpg,new,Aligned_C2_286.jpg
hf,hs,CEO,Aligned_C2_021.jpg,Aligned_291_0_C1.jpg,new,Aligned_C2_286.jpg
hf,ls,maid,Aligned_287_0_C1.jpg,Aligned_C2_256.jpg,old,Aligned_287_0_C1.jpg
hf,ls,maid,Aligned_287_0_C1.jpg,Aligned_C2_042.jpg,old,Aligned_287_0_C1.jpg
hf,ls,maid,Aligned_287_0_C1.jpg,Aligned_C2_054.jpg,old,Aligned_287_0_C1.jpg
hf,ls,maid,Aligned_287_0_C1.jpg,Aligned_Cropped_New_17.jpg,new,Aligned_Cropped_New_17.jpg
hf,ls,maid,Aligned_287_0_C1.jpg,Aligned_C2_131.jpg,new,Aligned_Cropped_New_17.jpg
hf,ls,maid,Aligned_287_0_C1.jpg,Aligned_288_0_C1.jpg,new,Aligned_Cropped_New_17.jpg
hf,ls,nanny,Aligned_C2_256.jpg,Aligned_Cropped_New_11.jpg,old,Aligned_C2_256.jpg
hf,ls,nanny,Aligned_C2_256.jpg,Aligned_C2_182.jpg,old,Aligned_C2_256.jpg
hf,ls,nanny,Aligned_C2_256.jpg,Aligned_C2_246.jpg,old,Aligned_C2_256.jpg
hf,ls,nanny,Aligned_C2_256.jpg,Aligned_Cropped_New_1.jpg,new,Aligned_C2_131.jpg
hf,ls,nanny,Aligned_C2_256.jpg,Aligned_Cropped_New_5.jpg,new,Aligned_C2_131.jpg
hf,ls,nanny,Aligned_C2_256.jpg,Aligned_C2_160.jpg,new,Aligned_C2_131.jpg
hf,ls,bus driver,Aligned_C2_042.jpg,Aligned_C2_254.jpg,old,Aligned_C2_042.jpg
hf,ls,bus driver,Aligned_C2_042.jpg,Aligned_215_0_C1.jpg,old,Aligned_C2_042.jpg
hf,ls,bus driver,Aligned_C2_042.jpg,Aligned_Cropped_New_12.jpg,old,Aligned_C2_042.jpg
hf,ls,bus driver,Aligned_C2_042.jpg,Aligned_C2_235.jpg,new,Aligned_288_0_C1.jpg
hf,ls,bus driver,Aligned_C2_042.jpg,Aligned_C2_210.jpg,new,Aligned_288_0_C1.jpg
hf,ls,bus driver,Aligned_C2_042.jpg,Aligned_Cropped_New_13.jpg,new,Aligned_288_0_C1.jpg
hf,ls,secretary,Aligned_C2_054.jpg,Aligned_C2_167.jpg,old,Aligned_C2_054.jpg
hf,ls,secretary,Aligned_C2_054.jpg,Aligned_C2_201.jpg,old,Aligned_C2_054.jpg
hf,ls,secretary,Aligned_C2_054.jpg,Aligned_C2_217.jpg,old,Aligned_C2_054.jpg
hf,ls,secretary,Aligned_C2_054.jpg,Aligned_C2_097.jpg,new,Aligned_Cropped_New_11.jpg
hf,ls,secretary,Aligned_C2_054.jpg,Aligned_Cropped_64.jpg,new,Aligned_Cropped_New_11.jpg
hf,ls,secretary,Aligned_C2_054.jpg,Aligned_C2_132.jpg,new,Aligned_Cropped_New_11.jpg
hf,ls,maid,Aligned_Cropped_New_17.jpg,Aligned_062_0_C1.jpg,old,Aligned_Cropped_New_17.jpg
hf,ls,maid,Aligned_Cropped_New_17.jpg,Aligned_294_0_C1.jpg,old,Aligned_Cropped_New_17.jpg
hf,ls,maid,Aligned_Cropped_New_17.jpg,Aligned_C2_089.jpg,old,Aligned_Cropped_New_17.jpg
hf,ls,maid,Aligned_Cropped_New_17.jpg,Aligned_C2_117.jpg,new,Aligned_287_0_C1.jpg
hf,ls,maid,Aligned_Cropped_New_17.jpg,Aligned_C2_265.jpg,new,Aligned_287_0_C1.jpg
hf,ls,maid,Aligned_Cropped_New_17.jpg,Aligned_Cropped_New_23.jpg,new,Aligned_287_0_C1.jpg
hf,ls,nanny,Aligned_C2_131.jpg,Aligned_110_0_C1.jpg,old,Aligned_C2_131.jpg
hf,ls,nanny,Aligned_C2_131.jpg,Aligned_C2_290.jpg,old,Aligned_C2_131.jpg
hf,ls,nanny,Aligned_C2_131.jpg,Aligned_C2_039.jpg,old,Aligned_C2_131.jpg
hf,ls,nanny,Aligned_C2_131.jpg,Aligned_C2_181.jpg,new,Aligned_C2_256.jpg
hf,ls,nanny,Aligned_C2_131.jpg,Aligned_C2_028.jpg,new,Aligned_C2_256.jpg
hf,ls,nanny,Aligned_C2_131.jpg,Aligned_C2_219.jpg,new,Aligned_C2_256.jpg
hf,ls,bus driver,Aligned_288_0_C1.jpg,Aligned_C2_025.jpg,old,Aligned_288_0_C1.jpg
hf,ls,bus driver,Aligned_288_0_C1.jpg,Aligned_C2_168.jpg,old,Aligned_288_0_C1.jpg
hf,ls,bus driver,Aligned_288_0_C1.jpg,Aligned_C2_242.jpg,old,Aligned_288_0_C1.jpg
hf,ls,bus driver,Aligned_288_0_C1.jpg,Aligned_Cropped_New_7.jpg,new,Aligned_C2_042.jpg
hf,ls,bus driver,Aligned_288_0_C1.jpg,Aligned_C2_009.jpg,new,Aligned_C2_042.jpg
hf,ls,bus driver,Aligned_288_0_C1.jpg,Aligned_255_0_C1.jpg,new,Aligned_C2_042.jpg
hf,ls,secretary,Aligned_Cropped_New_11.jpg,Aligned_223_0_C1.jpg,old,Aligned_Cropped_New_11.jpg
hf,ls,secretary,Aligned_Cropped_New_11.jpg,Aligned_Cropped_New_21.jpg,old,Aligned_Cropped_New_11.jpg
hf,ls,secretary,Aligned_Cropped_New_11.jpg,Aligned_178_0_C1.jpg,old,Aligned_Cropped_New_11.jpg
hf,ls,secretary,Aligned_Cropped_New_11.jpg,Aligned_Cropped_New_16.jpg,new,Aligned_C2_054.jpg
hf,ls,secretary,Aligned_Cropped_New_11.jpg,Aligned_Cropped_72.jpg,new,Aligned_C2_054.jpg
hf,ls,secretary,Aligned_Cropped_New_11.jpg,Aligned_287_0_C1.jpg,new,Aligned_C2_054.jpg
